id,identifier.NHS,identifier.MRN,identifier.SSN,family,given,gender,birthDate,deceasedBoolean,address.line,address.city,address.postalCode,address.country,telecom.phone,telecom.email,maritalStatus,communication.language,ethnicity,occupation,generalPractitioner,managingOrganization,condition.icd10,condition.description
pat-001,943 476 5919,MRN-7724831,,Achterberg,Eveline,female,1962-03-14,false,"14 Linden Court",Manchester,M14 5TQ,GB,07700 900145,eveline.achterberg@example.com,M,nl,White Other,Retired teacher,Dr Marcus Holloway,Northwell General Hospital,I10,Essential hypertension
pat-002,612 084 7732,MRN-7724892,,Okonkwo,Chibueze,male,1978-11-02,false,"42 Saxonbury Avenue, Flat 3",Birmingham,B15 2TT,GB,07700 900218,c.okonkwo@example.org,M,en,Black African,Civil engineer,Dr Saira Mahmoud,Birmingham Heartlands Trust,E11.9,Type 2 diabetes without complications
pat-003,,MRN-8830142,912-04-5588,Whitlock,Janelle,female,1991-07-23,false,"2847 Maplewood Drive",Portland,97214,US,555-0142,janelle.whitlock@example.com,S,en,White,Software developer,Dr Kevin Park,Oregon Health Network,F32.1,Major depressive disorder moderate
pat-004,775 219 4408,MRN-7725003,,Pemberton-Walsh,Aoife,female,2018-05-30,false,"7 Carrickfergus Road",Belfast,BT15 4PE,GB,07700 900334,parents.pemberton@example.com,,en,White Irish,,Dr Niamh O Sullivan,Belfast Trust Paediatrics,J45.909,Asthma unspecified uncomplicated
pat-005,889 002 1146,MRN-7725187,,Ó Murchadha,Cathal,male,1955-09-08,true,"Apartment 12, Dún Laoghaire Quay",Dublin,A96 X4K2,IE,+353 87 123 4567,,W,ga,White Irish,Retired fisherman,Dr Brendan Lally,St Vincent University Hospital,C61,Malignant neoplasm of prostate
pat-006,,MRN-8830271,931-77-2204,Henderson III,Robert,male,1944-12-19,false,"118 Beaumont Lane",Atlanta,30309,US,555-0188,bob.henderson@example.com,W,en,White,Retired insurance broker,Dr Tanya Williams,Emory Healthcare,I25.10,Atherosclerotic heart disease without angina
pat-007,452 778 1003,MRN-7725264,,Krishnaswamy,Lakshmi,female,1987-02-11,false,"55 Wellesley Gardens",London,SW7 4QH,GB,07700 900401,l.krishnaswamy@example.com,M,ta,Asian Indian,Investment banker,Dr Hugo Beaumont,Chelsea and Westminster Hospital,O80,Encounter for full-term uncomplicated delivery
pat-008,103 887 5520,MRN-7725331,,al-Hashimi,Yusuf,male,1972-06-25,false,"23 Edenfield Road",Glasgow,G44 5DJ,GB,07700 900557,yusuf.alhashimi@example.com,M,ar,Asian Other,Restaurant owner,Dr Fiona MacLeod,NHS Greater Glasgow and Clyde,K50.90,Crohn s disease unspecified without complications
pat-009,,MRN-8830445,902-31-7799,Nakashima,Hiroshi,male,1968-04-17,false,"4471 Sunset Boulevard Apt 2B",Los Angeles,90028,US,555-0124,hnakashima@example.com,D,ja,Asian Japanese,University professor,Dr Rebecca Chen,UCLA Health System,G35,Multiple sclerosis
pat-010,221 543 9087,MRN-7725419,,Verhoeven,Dirk,male,1983-08-29,false,"Marktplein 17, 3e verdieping",Amsterdam,1015 HM,NL,+31 6 12345678,d.verhoeven@example.org,P,nl,White Other,Architect,Dr Margriet de Vries,Amsterdam UMC,M51.16,Intervertebral disc disorders with radiculopathy
pat-011,667 198 3344,MRN-7725502,,Adeyemi,Folake,female,1995-01-12,false,"89 Tottenham Court Road, Bedsit 4",London,W1T 4TP,GB,07700 900672,folake.a@example.com,S,en,Black African,Junior solicitor,Dr Hugo Beaumont,University College Hospital,N80.9,Endometriosis unspecified
pat-012,,MRN-8830582,955-22-1107,Browning Jr,Marcus,male,2001-10-04,false,"726 Cedar Hollow Way",Nashville,37203,US,555-0163,marcus.browning@example.com,S,en,Black or African American,Music student,Dr Tanya Williams,Vanderbilt Medical Center,F84.0,Autistic disorder
pat-013,318 776 4422,MRN-7725644,,Patel,Mehul,male,1959-07-30,false,"104 Mill Lane",Leicester,LE2 1AB,GB,07700 900783,mehul.patel@example.com,M,gu,Asian Indian,Pharmacist,Dr Anjali Sharma,University Hospitals of Leicester,N18.4,Chronic kidney disease stage 4
pat-014,891 003 7765,MRN-7725712,,Lindqvist,Astrid,female,1934-11-22,false,"Sankt Eriksgatan 92, lgh 1402",Stockholm,113 32,SE,+46 70 123 4567,,W,sv,White Other,Retired pianist,Dr Gunnar Eklund,Karolinska University Hospital,F03.91,Unspecified dementia with behavioural disturbance
pat-015,,MRN-8830731,944-65-8821,Romero-Castillo,Sofia,female,1989-03-08,false,"3318 Mission Street",San Francisco,94110,US,555-0177,sofia.romerocastillo@example.com,M,es,Hispanic or Latino,Bilingual nurse,Dr Kevin Park,UCSF Medical Center,O26.93,Pregnancy related conditions unspecified third trimester
pat-016,558 412 0099,MRN-7725889,,Mubarak,Layla,female,2011-12-15,false,"66 Selly Park Road",Birmingham,B29 7HX,GB,07700 900894,parents.mubarak@example.com,,ar,Asian Other,,Dr Saira Mahmoud,Birmingham Children s Hospital,Q90.9,Down syndrome unspecified
pat-017,734 209 6611,MRN-7725947,,Ó Conchúir,Pádraig,male,1976-05-19,false,"Bóthar na Trá 28",Galway,H91 K3VR,IE,+353 91 234567,p.oconchuir@example.com,M,ga,White Irish,Marine biologist,Dr Bríd Ní Fhloinn,University Hospital Galway,K70.30,Alcoholic cirrhosis of liver without ascites
pat-018,,MRN-8830898,901-44-3327,Goldberg,Rebecca,female,1952-08-26,false,"1844 Lexington Avenue Apt 5C",New York,10029,US,555-0152,rebecca.g@example.com,W,yi,White,Retired social worker,Dr Tanya Williams,Mount Sinai Health,M81.0,Age-related osteoporosis without current fracture
pat-019,604 887 2211,MRN-7726011,,Cheng,Wei-Lun,male,1998-04-03,false,"Flat 7, 23 Princes Street",Edinburgh,EH2 2BY,GB,07700 900925,wcheng@example.com,S,zh,Asian Chinese,PhD candidate,Dr Iona Macdonald,NHS Lothian,F20.0,Paranoid schizophrenia
pat-020,277 663 5544,MRN-7726088,,Müller-Schmidt,Hannelore,female,1948-02-14,false,"Friedrichstraße 88, 4. OG",Berlin,10117,DE,+49 30 12345678,h.muellerschmidt@example.org,W,de,White Other,Retired diplomat,Dr Klaus Weber,Charité Universitätsmedizin,G20,Parkinson s disease
